sk_pais|pais_nome|24/03/2020|25/03/2020|26/03/2020|27/03/2020|28/03/2020|29/03/2020|30/03/2020|31/03/2020|01/04/2020|08/04/2020|09/04/2020|10/04/2020|11/04/2020|12/04/2020|13/04/2020|14/04/2020|15/04/2020|16/04/2020|17/04/2020|18/04/2020|19/04/2020|20/04/2020|21/04/2020|22/04/2020|05/05/2020|06/05/2020|07/05/2020|08/05/2020|09/05/2020|11/05/2020|13/05/2020|14/05/2020|15/05/2020|16/05/2020|17/05/2020|18/05/2020|19/05/2020|20/05/2020|21/05/2020|22/05/2020|24/05/2020|25/05/2020|26/05/2020|27/05/2020|28/05/2020|29/05/2020
107|Afeganistão|74|74|84|94|110|120|120|174|196|423|484|521|555|607|665|714|784|840|906|933|993|1026|1092|1176|3224|3392|3563|3778|4033|4402|5226|5639|6053|6402|6664|7072|7653|8145|8676|9216|10582|11173|11831|12456|13036|13036
80|Albânia|123|146|146|186|186|212|223|243|259|400|409|416|433|433|433|475|494|518|518|548|562|584|609|634|820|832|832|850|850|872|880|880|916|916|946|946|949|949|969|969|998|1004|1029|1050|1076|1076
5|Alemanha|32986|34055|39502|50852|50871|61164|62457|67051|72004|111656|116662|118235|125452|127854|128166|132513|134753|137904|138513|141752|145794|146286|148453|150457|167007|168162|168162|169430|170979|171879|174098|174131|175699|175699|176651|176651|177750|177827|178875|179347|180140|180621|181288|181303|182170|182445
71|Andorra|162|164|188|267|267|334|334|370|376|564|583|583|601|638|646|659|673|682|682|696|713|713|717|723|751|751|751|752|752|755|760|760|761|761|761|761|761|761|762|762|762|763|763|763|763|763
170|Angola|2|2|3|4|4|5|7|7|7|17|19|19|19|19|19|19|19|19|19|19|24|24|24|25|36|36|36|36|43|43|45|45|48|48|48|48|50|52|52|60|69|69|70|70|73|77
210|Anguila|0|0|0|0|0|0|2|2|2|3|3|3|3|3|3|3|3|3|3|3|3|3|3|3|3|3|3|3|3|3|3|3|3|3|3|3|3|3|3|3|3|3|3|3|3|3
182|Antígua e Barbuda|1|1|3|3|3|7|7|7|7|19|19|19|21|21|23|23|23|23|23|23|23|23|23|24|24|24|24|24|24|24|24|24|24|24|24|24|24|24|24|24|24|24|24|24|24|24
57|Argentina|301|387|502|589|706|745|820|966|1054|1715|1795|1894|1975|2142|2208|2277|2444|2571|2669|2758|2941|2941|3031|3144|5007|5020|5195|5358|5598|6021|6563|6866|7466|7466|8055|8055|8371|8809|9283|9931|11340|12063|13215|13228|13933|14689
61|Argélia|264|264|302|409|409|511|511|584|716|1572|1666|1666|1825|1914|1914|2070|2160|2268|2268|2418|2629|2718|2811|2910|4838|4997|5182|5182|5558|5723|6253|6253|6629|6821|7019|7201|7377|7542|7728|7918|8306|8503|8697|8857|8997|8997
60|Armênia|249|265|290|329|329|424|424|532|571|881|921|937|967|1013|1039|1067|1111|1159|1201|1248|1291|1339|1401|1473|2619|2782|2782|3128|3029|3313|3718|3718|4044|4283|4472|4472|5041|5271|5606|5928|6661|7113|7402|7774|8216|8216
169|Aruba|2|2|0|0|0|0|50|50|55|74|82|82|92|92|92|92|93|95|95|96|97|97|97|100|101|101|101|101|101|101|101|101|101|101|101|101|101|101|101|101|101|101|101|101|101|101
32|Arábia Saudita|767|767|900|1104|1104|1299|1299|1453|1720|2932|3287|3287|4033|4462|4934|5369|5862|6380|6380|7142|9362|10434|11631|12772|30251|31938|31938|33731|35432|39048|44830|44830|49176|52016|54752|54752|59854|59854|65077|67719|72560|74795|76726|78541|80185|80185
15|Austrália|2144|2431|2805|3180|3570|4107|4247|4561|4864|6024|6109|6204|6301|6314|6360|6415|6447|6468|6522|6570|6606|6619|6645|6648|6849|6875|6894|6894|6929|6948|9680|6989|7023|7038|7056|7060|7068|7079|7081|7095|7114|7118|7133|7139|7155|7155
191|Autoridade Palestina|0|60|62|84|91|106|106|115|117|263|263|263|268|268|271|273|288|288|0|0|0|0|0|0|0|0|0|0|0|0|0|0|0|0|0|0|0|0|0|0|0|0|0|0|0|0
93|Azerbaijão|87|87|93|165|165|209|209|298|298|822|926|926|1058|1098|1148|1197|1253|1283|1283|1340|1398|1436|1436|1518|2060|2127|2127|2204|2279|2519|2758|2758|2980|2980|3274|3274|3518|3518|3631|3855|3982|4271|4403|4403|4568|4568
196|Bahamas|0|4|5|9|9|10|10|14|15|36|40|41|42|46|47|49|49|53|54|54|60|60|64|65|84|89|92|92|92|92|93|93|96|96|96|96|96|96|97|97|100|100|100|100|100|100
47|Bahrein|392|419|419|466|466|500|515|515|569|821|855|887|1040|1136|1361|1528|1673|1700|1700|1744|1881|1895|1973|2027|3720|3934|3934|4199|4444|4941|5816|5816|6583|6583|6956|6956|7374|7532|7888|8369|9138|9171|9366|9366|10052|10052
111|Bangladesh|39|39|44|48|48|48|48|49|51|218|330|424|482|621|803|1012|1231|1572|1838|2144|2456|2948|3382|3772|10929|11719|12425|13134|13770|14657|17822|18863|20065|20995|22268|23870|25121|26738|28511|30205|33610|35585|36751|38292|40321|40321
128|Barbados|17|17|18|24|26|26|26|33|34|63|63|66|67|71|71|72|73|75|75|75|75|75|75|75|82|82|82|82|83|84|84|84|85|85|88|88|88|90|90|90|92|92|92|92|92|92
92|Belarus|81|86|86|94|94|94|94|152|152|1066|1486|1486|2226|2578|2919|3281|3728|4204|4779|4779|4779|6264|6723|7281|18350|19255|20168|20168|22052|22973|25825|25825|27730|28681|29650|30572|31508|32426|33371|34303|36198|37144|38059|38956|39858|39858
184|Belize|1|1|1|2|2|2|2|3|3|7|8|8|13|14|14|18|18|18|18|18|18|18|18|18|18|18|18|18|18|18|18|18|18|18|18|18|18|18|18|18|18|18|18|18|18|18
148|Benin|6|6|7|7|7|7|7|6|9|26|26|26|35|35|35|35|35|35|35|35|35|54|54|54|96|96|96|242|242|319|327|327|339|339|339|339|339|130|130|135|191|191|208|208|210|210
208|Bermudas|0|0|0|0|0|0|22|27|27|39|39|48|48|50|57|57|81|81|83|83|86|86|86|99|115|115|118|118|118|118|121|121|122|122|123|123|125|125|125|125|133|133|139|139|139|140
116|Bolívia|28|32|39|61|74|81|81|107|115|210|264|264|275|300|330|354|397|441|465|493|564|564|598|609|1681|1802|1802|2081|2266|2556|2964|3148|3577|3577|3826|4088|4263|4481|4919|5187|5915|6263|6660|7136|7768|7768
229|Bonaire|0|0|0|0|0|0|0|0|0|0|0|0|0|0|0|0|0|0|1|1|1|1|2|2|2|2|2|2|2|2|2|2|2|2|2|2|2|2|2|2|2|2|2|2|2|2
214|Botsuana|0|0|0|0|0|0|0|3|4|6|13|13|13|13|13|13|13|15|15|15|20|20|20|22|23|23|23|23|23|23|24|24|24|24|25|25|25|25|29|29|35|35|35|35|35|35
19|Brasil|2201|2201|2554|3417|3477|4256|4256|4661|5812|15927|17857|18176|20727|22169|22720|25262|28610|30425|30891|34221|38654|39144|43114|45757|115455|123809|127583|135773|148670|162699|185562|192081|219258|220291|241080|241080|262545|275382|296113|312074|354460|370060|391222|399632|419340|438812
87|Brunei|104|109|109|115|115|126|126|129|131|135|135|135|136|136|136|136|136|136|136|136|138|138|138|138|138|139|139|141|141|141|141|141|141|141|141|141|141|141|141|141|141|141|141|141|141|141
64|Bulgária|201|218|242|293|293|346|346|359|399|593|611|624|661|675|685|713|747|800|825|865|894|929|975|1024|1704|1778|1778|1865|1911|1981|2069|2100|2138|2175|2211|2235|2259|2292|2331|2372|2408|2433|2443|2460|2477|2477
82|Burquina Faso|114|114|146|180|180|222|222|246|261|414|443|443|448|448|448|515|542|542|546|557|576|576|600|609|688|729|729|736|744|751|773|773|780|780|796|796|796|796|809|812|814|814|832|832|845|847
218|Burundi|0|0|0|0|0|0|0|0|2|3|3|3|3|3|3|5|5|5|5|5|5|5|5|11|15|15|15|15|15|15|15|15|15|15|23|23|42|42|42|42|42|42|42|42|42|42
168|Butão|2|2|2|3|3|4|4|4|4|5|5|5|5|5|5|5|5|5|5|5|5|5|6|6|7|7|7|7|7|9|11|15|21|21|21|21|21|21|21|21|24|27|27|27|28|31
13|Bélgica|4269|4937|6235|7284|7284|10836|11899|12775|13964|23403|24983|26667|28018|29647|30589|31119|33573|34809|36138|37183|38496|39983|40956|41889|50509|50781|51420|52011|52596|53449|53981|54288|54644|54989|55280|55559|55791|55983|56235|56511|57092|57342|57455|57592|57849|57849
75|Bósnia e Herzegovina|150|166|185|232|237|323|327|408|450|804|858|882|941|1009|1040|1083|1110|1167|1186|1244|1285|1309|1342|1368|1946|1987|1987|2070|2070|2117|2181|2181|2236|2236|2290|2290|2304|2321|2338|2372|2401|2406|2416|2435|2462|2462
199|Cabo Verde|0|3|4|4|4|6|6|6|6|7|7|7|8|8|8|11|55|55|55|56|61|67|67|73|186|191|191|218|230|246|289|289|326|326|328|328|328|328|349|356|380|390|390|390|390|390
96|Camarões|66|66|75|88|91|139|139|193|233|685|730|803|820|820|820|848|848|922|996|1017|1017|1017|1163|1163|2104|2265|2265|2267|2267|2579|2800|2800|2954|3105|3105|3105|3529|3529|3733|4288|4400|4890|5436|5436|5436|5436
88|Camboja|91|93|96|98|102|103|107|109|109|117|118|118|120|122|122|122|122|122|122|122|122|122|122|122|122|122|122|122|122|122|122|122|122|122|122|122|122|122|123|123|124|124|124|124|124|124
17|Canadá|2590|2792|3409|4622|4757|6268|6308|7435|8579|19181|20686|20748|23318|24301|25552|26898|28379|29930|30106|31927|35056|35708|38422|39813|62046|64403|63904|64922|66783|68848|72200|72278|74613|75770|77022|77295|79077|80081|81279|82413|84655|85679|86636|87485|88504|88504
160|Cape Verde|3|0|0|0|0|0|0|0|0|0|0|0|0|0|0|0|0|0|0|0|0|0|0|0|0|0|0|0|0|0|0|0|0|0|0|0|0|0|0|0|0|0|0|0|0|0
43|Catar|501|526|537|562|562|634|634|693|781|2210|2376|2512|2728|2979|3231|3428|3711|4103|4103|5008|5448|6015|6533|7141|17142|17972|18890|18890|20201|22520|26539|28272|29425|30972|32604|32604|35606|35606|38651|30481|43714|45465|47207|48947|50914|50914
95|Cazaquistão|70|72|97|137|193|271|294|336|336|727|781|802|865|951|1091|1242|1295|1402|1480|1593|1711|1852|1995|2135|4205|4422|4509|4753|4922|5126|5417|5571|5689|5850|6157|6440|6751|6969|7234|7597|8322|8531|8969|9304|9576|9576
162|Chade|3|3|3|3|3|3|3|7|7|10|11|11|11|18|23|23|23|27|27|33|33|33|33|33|170|170|170|253|260|322|372|372|428|428|503|503|519|545|565|588|675|687|700|700|715|726
34|Chile|922|922|1142|1610|1610|2139|2139|2449|3031|5546|5972|5972|6927|7213|7525|7917|8273|8807|8807|9252|10088|10507|10832|11296|22016|23048|24581|24581|25972|28866|34381|34381|39542|41428|43781|46059|49579|53617|57581|61857|69102|73997|77961|82289|86943|86943
204|China (continental)|0|0|81285|81285|81394|81439|81439|81518|81554|81802|81865|81907|81953|82052|82160|84393|84489|84593|88273|88242|88302|88423|88423|88423|88423|88423|88423|88423|88423|88423|88423|88423|88423|88423|88423|88423|88423|82965|82967|82971|82974|82985|82992|82993|82995|82995
1|China (mainland)|81171|81218|0|0|0|0|0|0|0|0|0|0|0|0|0|0|0|0|0|0|0|0|0|0|0|0|0|0|0|0|0|0|0|0|0|0|0|0|0|0|0|0|0|0|0|0
81|Chipre|124|124|132|146|162|214|214|225|225|484|516|554|606|623|652|685|705|705|735|750|767|772|784|790|878|883|883|889|891|898|905|905|910|910|916|916|918|922|922|927|935|937|939|939|941|941
185|Cidade do Vaticano|1|4|4|4|4|6|6|6|6|7|8|8|8|8|8|8|8|8|8|8|8|9|9|9|11|12|12|12|12|12|12|12|12|12|12|12|12|12|12|12|12|12|12|12|12|12
227|Cisjordânia|0|0|0|0|0|0|0|0|0|0|0|0|0|0|0|0|0|295|307|418|437|449|466|335|524|543|546|546|547|547|355|355|355|355|361|361|368|368|368|368|368|368|368|373|385|385
54|Colômbia|306|378|470|539|539|702|702|798|906|1780|2054|2223|2473|2776|2776|2852|3105|3105|3233|3439|3792|3792|4149|4356|8613|8613|8959|9456|10051|11063|12272|12930|14216|14216|15574|15574|16295|16935|17687|18330|20177|21175|23003|23003|24104|25366
232|Comores|0|0|0|0|0|0|0|0|0|0|0|0|0|0|0|0|0|0|0|0|0|0|0|0|4|8|8|8|11|11|11|11|11|11|11|11|34|34|34|34|87|87|87|87|87|87
154|Congo|4|4|4|4|4|19|19|19|19|45|45|45|60|60|60|60|117|117|117|143|143|160|165|186|0|0|0|0|0|0|0|0|0|0|0|0|0|0|0|0|0|0|0|0|0|0
106|Congo (RDC)|45|45|51|54|54|65|65|98|109|180|180|180|223|234|234|235|254|267|287|307|327|332|350|359|705|797|797|863|937|991|1169|1169|1298|1298|1454|1454|1537|1628|1730|1834|2140|2296|2296|2545|2659|2659
9|Coreia do Sul|9037|9137|9241|9332|9478|9583|9661|9786|9887|10384|10423|10450|10480|10512|10537|10564|10591|10613|10635|10653|10674|10674|10683|10694|10804|10806|10810|10822|10840|10909|10962|10991|11037|11037|11050|11065|11078|11110|11122|11142|11190|11206|11225|11265|11344|11393
73|Costa Rica|158|177|201|231|263|295|314|330|347|483|502|539|577|595|595|618|626|642|642|649|660|660|669|681|755|755|761|765|773|792|815|815|843|843|863|863|866|882|897|903|918|951|956|956|984|1000
52|Croácia|382|418|481|586|586|713|713|867|963|1343|1407|1407|1534|1600|1650|1704|1741|1791|1791|1832|1871|1881|1908|1950|2112|2119|2119|2125|2161|2187|2213|2213|2222|2224|2226|2226|2228|2232|2237|2237|2244|2244|2244|2244|2245|2245
110|Cuba|48|48|57|80|80|139|139|170|186|396|515|515|620|669|726|766|814|862|862|923|1035|1087|1137|1137|1685|1703|1703|1729|1741|1766|1810|1810|1840|1840|1872|1872|1881|1887|1900|1908|1941|1947|1963|1963|1974|1983
156|Curacao|3|0|0|0|0|0|0|0|0|0|0|0|0|0|0|0|0|0|0|0|0|0|0|0|0|0|0|0|0|0|0|0|0|0|0|0|0|0|0|0|0|0|0|0|0|0
197|Curaçao|0|3|0|0|0|0|8|11|11|13|14|14|14|14|14|14|14|14|14|15|15|15|15|15|16|16|16|16|16|16|16|16|16|16|16|16|16|16|16|16|17|18|18|18|18|18
119|Côte d’Ivoire|25|73|80|96|101|140|165|168|179|349|444|444|480|574|626|638|654|654|688|742|847|847|916|952|1432|1516|1516|1571|1602|1700|1912|1912|2017|2017|2109|2109|2119|2153|2231|2301|2366|2423|2477|2477|2641|2641
20|Dinamarca|1717|1852|2014|2199|2366|2564|2733|2994|3092|5402|5830|5830|6191|6174|6513|6511|6681|6879|7257|7257|7569|7569|7700|7912|9821|9938|10083|10218|10517|10627|10865|10865|10989|11056|11125|11166|11242|11315|11315|11380|11487|11586|11627|11679|11712|11712
158|Djibuti|3|3|11|12|12|18|18|18|30|90|135|140|187|214|298|298|435|591|591|732|846|846|945|974|1120|1120|1120|1133|1135|1210|1286|1286|1309|1309|1401|1401|1518|1518|1828|2047|2270|2468|2468|2468|2914|2914
180|Dominica|1|2|11|11|11|11|11|12|12|14|15|15|16|16|16|16|16|16|16|16|16|16|16|16|16|16|16|16|16|16|16|16|16|16|16|16|16|16|16|16|16|16|16|16|16|16
51|Egito|366|402|456|495|536|609|609|656|710|1560|1699|1699|1939|2065|2190|2350|2505|2673|2673|2844|3144|3333|3490|3659|7201|7588|7588|7981|8476|9400|10431|10431|11228|11228|12229|12229|13484|13484|14229|15003|17265|17967|18756|18756|20793|20793
144|El Salvador|5|9|13|13|19|24|24|30|32|93|103|117|118|125|137|149|159|164|164|190|201|218|225|237|587|633|633|742|784|958|1037|1112|1210|1265|1338|1413|1498|1571|1640|1725|1915|1983|2042|2109|2194|2194
65|Emirados Árabes Unidos|248|248|333|405|405|570|570|611|664|2659|2659|2990|3736|4123|4123|4933|5365|5825|5825|6302|6781|7265|7755|8238|15192|15738|16240|16240|16793|18198|20386|21084|21831|22627|23358|23358|25063|25063|26898|26898|29485|30307|31086|31969|32532|32532
27|Equador|1049|1082|1211|1403|1627|1890|1890|1966|2302|3995|4965|4965|7257|7466|7529|7603|7858|8225|8225|8450|9468|10128|10398|10850|31881|31881|31881|30298|30298|30298|30486|30486|31467|31467|33182|33182|34151|34151|35306|35306|36258|37355|37656|37656|38103|38471
179|Eritreia|1|1|4|6|6|6|12|15|15|31|33|33|34|34|34|34|35|35|35|35|39|39|39|39|39|39|39|39|39|39|39|39|39|39|39|39|39|39|39|39|39|39|39|39|39|39
63|Eslováquia|204|216|216|269|269|314|314|363|363|682|701|701|728|742|769|835|863|977|977|1089|1161|1173|1199|1244|1421|1429|1429|1455|1455|1457|1469|1477|1480|1493|1494|1495|1495|1496|1502|1503|1509|1511|1513|1515|1520|1520
45|Eslovênia|480|480|528|632|632|730|756|802|841|1091|1124|1160|1188|1205|1212|1220|1248|1269|1269|1305|1330|1335|1344|1353|1445|1448|1448|1449|1454|1460|1463|1464|1465|1465|1466|1466|1467|1468|1468|1468|1468|1469|1469|1469|1471|1473
4|Espanha|39885|47610|56188|64095|72248|80100|85195|94417|102136|146752|152538|157022|163027|166831|169510|172752|180659|184945|186726|191726|198674|200210|204178|208389|247122|247122|221447|222857|262783|268143|271095|272646|274367|276505|277719|277719|278188|278803|280117|281904|282852|282480|283339|283849|284986|284986
195|Essuatíni|0|4|4|9|9|9|9|9|9|12|12|12|12|14|14|15|15|16|17|19|22|24|31|31|119|123|123|153|159|172|187|187|190|190|203|203|205|208|217|220|250|256|261|261|272|279
3|Estados Unidos|52966|55330|69219|100390|104671|138879|142410|164345|189531|425107|457035|469121|530463|558620|576695|610305|640791|664201|676676|712184|764177|777089|823081|850975|1233146|1253387|1261860|1289235|1324685|1364517|1418767|1421061|1472743|1473415|1516074|1516343|1550632|1559750|1597755|1611297|1668246|1693618|1714596|1724416|1751759|1756948
49|Estônia|369|369|538|575|575|679|715|745|779|1185|1207|1207|1304|1309|1332|1373|1400|1434|1459|1512|1528|1535|1552|1559|1711|1713|1713|1725|1733|1739|1751|1758|1766|1770|1774|1784|1784|1791|1800|1800|1823|1824|1834|1840|1851|1851
136|Etiópia|12|12|12|16|16|19|19|25|26|52|55|56|69|71|74|82|85|92|96|105|108|111|114|116|145|162|191|194|194|241|263|263|287|287|317|317|352|365|389|399|582|655|701|701|731|831
233|Faixa de Gaza|0|0|0|0|0|0|0|0|0|0|0|0|0|0|0|0|0|0|0|0|0|0|0|0|0|0|0|0|0|0|20|20|20|20|20|20|23|30|55|55|55|55|61|61|61|61
149|Fiji|4|4|5|5|5|5|5|5|5|15|15|16|16|16|16|16|16|17|17|17|17|18|18|18|18|18|18|18|18|18|18|18|18|18|18|18|18|18|18|18|18|18|18|18|18|18
41|Filipinas|552|636|707|803|803|1418|1546|2084|2311|3870|4076|4195|4428|4648|4932|5223|5453|5660|5878|6087|6259|6459|6599|6710|9684|10004|10343|10463|10610|11086|11618|11876|12091|12305|12513|12718|12942|13221|13434|13597|14035|14319|14669|15049|15588|15588
35|Finlândia|700|792|880|1041|1163|1218|1218|1313|1441|2487|2605|2605|2905|2974|3064|3161|3237|3369|3369|3681|3783|3868|4014|4129|5412|5573|5573|5673|5738|5984|6054|6054|6228|6228|6347|6380|6399|6443|6493|6537|6581|6601|6630|6692|6743|6743
7|França|22304|22304|25233|32964|32964|40174|40174|44550|52128|82048|112950|112950|93790|95403|136779|143303|147863|108847|108847|109252|112606|114657|117324|119151|132967|137150|137150|137779|138421|139063|140734|140734|141919|142291|142411|142411|143427|143845|144163|144163|144921|145279|145555|145746|149071|149071
98|French-Guadeloupe|73|0|0|0|0|0|0|0|0|0|0|0|0|0|0|0|0|0|0|0|0|0|0|0|0|0|0|0|0|0|0|0|0|0|0|0|0|0|0|0|0|0|0|0|0|0
100|French-Martinique|57|0|0|0|0|0|0|0|0|0|0|0|0|0|0|0|0|0|0|0|0|0|0|0|0|0|0|0|0|0|0|0|0|0|0|0|0|0|0|0|0|0|0|0|0|0
145|Gabão|6|6|6|7|7|7|7|16|16|30|44|44|46|49|57|57|80|80|95|108|109|109|156|166|397|397|439|504|620|661|863|1004|1209|1209|1320|1320|1432|1502|1567|1567|1934|1934|2238|2238|2319|2431
101|Gana|27|68|68|136|137|152|152|152|195|313|313|378|378|566|566|636|636|641|641|641|1042|1042|1042|1154|2719|2719|2719|3091|4012|4263|5408|5408|5638|5638|5735|5735|5918|5918|6269|6486|6683|6808|6964|7117|7303|7303
205|Geórgia|0|0|77|83|83|91|98|110|115|211|218|230|242|257|272|296|306|348|370|385|394|399|408|416|604|610|615|623|626|638|647|652|671|677|695|701|702|713|721|723|730|731|732|735|738|738
159|Gibraltar|3|3|0|0|0|0|0|69|69|113|123|123|129|129|129|129|131|133|133|132|132|132|133|133|144|144|144|144|146|146|148|147|147|147|147|147|147|147|149|151|151|154|154|154|157|157
181|Granada|1|1|1|7|7|9|9|9|9|12|12|12|14|14|14|14|14|14|14|14|14|14|14|14|21|21|21|21|21|21|21|21|22|22|22|22|22|22|22|22|22|22|23|23|23|23
209|Groenlândia|0|0|0|0|0|0|10|10|10|11|11|11|11|11|11|11|11|11|11|11|11|11|11|11|11|11|11|11|11|11|11|11|11|11|11|11|11|11|11|11|11|12|12|12|13|13
36|Grécia|743|743|821|966|966|1061|1156|1212|1314|1884|1955|1955|2081|2114|2145|2170|2192|2207|2207|2224|2235|2245|2401|2408|2642|2663|2663|2678|2710|2716|2760|2760|2810|2819|2834|2836|2840|2840|2853|2853|2879|2882|2892|2892|2908|2908
193|Guadalupe|0|73|76|76|76|76|76|106|114|139|141|143|143|143|143|145|145|145|145|145|148|148|148|148|145|145|145|145|145|145|145|145|145|145|145|145|145|145|145|145|145|145|145|145|145|145
206|Guam|0|0|29|45|51|51|56|58|77|121|128|130|133|133|133|133|135|135|135|136|136|136|136|136|149|149|149|151|151|151|152|152|154|154|154|154|154|154|165|165|166|166|169|171|171|171
124|Guatemala|20|21|24|28|32|34|36|36|38|87|95|126|137|155|156|167|180|196|214|235|257|289|294|316|730|763|798|832|900|1052|1199|1342|1643|1643|1763|1912|2001|2133|2265|2512|3054|3425|3760|3954|4145|4145
125|Guernsey|20|23|30|36|36|45|45|60|91|166|181|191|209|209|219|223|228|228|234|236|239|239|241|243|252|252|252|252|252|252|252|252|252|252|252|252|252|252|252|252|252|252|252|252|252|252
147|Guiana|5|5|5|5|5|8|8|8|12|33|37|37|45|45|45|47|55|55|57|63|65|65|67|67|92|93|93|93|94|104|113|113|113|116|117|117|124|124|124|127|127|135|139|139|139|150
123|Guiana Francesa|23|23|28|28|28|28|28|43|43|72|83|84|86|88|88|88|95|96|96|96|97|97|97|97|0|0|0|0|0|0|0|0|0|0|0|0|0|0|0|0|0|0|0|0|0|0
150|Guiné|4|4|4|8|8|16|16|22|30|144|164|194|250|250|319|319|404|404|438|477|579|579|688|688|1811|1856|1856|1927|2009|2146|2374|2374|2531|2531|2658|2658|2796|2863|2863|3067|3176|3275|3275|3275|3275|3553
138|Guiné Equatorial|9|9|9|12|12|12|12|12|15|16|18|18|18|25|25|41|51|51|51|79|79|79|83|84|315|439|439|439|439|439|522|522|594|594|594|594|719|825|890|903|960|1043|1043|1043|1043|1043
203|Guiné-Bissau|0|2|2|2|2|2|2|8|8|33|36|36|38|38|39|39|43|46|46|50|50|50|50|50|475|475|475|564|594|726|836|836|913|913|990|990|1032|1038|1089|1109|1114|1178|1178|1178|1195|1195
198|Gâmbia|0|3|3|3|3|3|3|4|4|4|4|4|4|4|4|9|9|9|9|9|10|10|10|10|17|17|17|17|20|20|23|23|23|23|23|23|24|24|24|24|25|25|25|25|25|25
146|Haiti|7|7|8|8|8|8|8|15|15|25|30|30|31|33|40|40|41|41|43|44|47|47|57|62|101|101|108|129|146|182|219|219|273|310|456|456|533|533|596|663|865|958|1063|1174|1320|1320
115|Honduras|30|36|52|68|95|110|139|141|141|312|343|382|392|392|392|407|419|426|442|457|472|477|494|510|1178|1270|1461|1685|1771|1830|2100|2255|2318|2460|2565|2646|2798|2955|2955|3204|3743|3950|4189|4401|4640|4640
68|Hungria|187|226|261|300|343|408|447|492|525|895|980|1190|1310|1410|1458|1512|1579|1652|1763|1834|1916|1984|2098|2168|3065|3111|3150|3178|3213|3284|3341|3380|3417|3473|3509|3535|3556|3598|3641|3678|3741|3756|3771|3793|3816|3816
132|Ilha de Man|23|23|23|29|29|42|42|49|60|158|190|190|226|228|242|254|258|284|284|291|298|300|307|307|326|326|327|329|329|330|332|332|334|335|335|335|335|336|336|336|336|336|336|336|336|336
183|Ilhas Cayman|1|1|0|0|0|0|0|12|12|45|45|45|45|53|53|54|60|60|61|61|61|61|66|66|78|78|78|80|81|81|86|86|94|94|94|94|94|111|111|121|129|129|134|137|140|140
105|Ilhas Faroe|47|47|0|0|0|0|168|169|169|184|184|184|184|184|184|184|184|184|184|184|185|185|185|185|187|187|187|187|187|187|187|187|187|187|187|187|187|187|187|187|187|187|187|187|187|187
222|Ilhas Malvinas|0|0|0|0|0|0|0|0|0|5|5|5|5|5|5|11|11|11|11|11|11|11|11|12|13|13|13|13|13|13|13|13|13|13|13|13|13|13|13|13|13|13|13|13|13|13
216|Ilhas Marianas do Norte|0|0|0|0|0|0|0|2|6|11|11|11|11|11|11|11|13|13|13|13|14|14|14|14|14|14|14|15|15|16|19|19|19|19|21|21|21|21|21|21|22|22|22|22|22|22
213|Ilhas Turcas e Caicos|0|0|0|0|0|0|0|5|5|8|8|8|8|8|8|10|10|11|11|11|11|11|11|11|12|12|12|12|12|12|12|12|12|12|12|12|12|12|12|12|12|12|12|12|12|12
129|Ilhas Virgens Americanas|17|17|17|17|19|23|23|30|30|45|45|50|51|51|51|51|51|51|51|51|53|53|53|53|66|66|66|66|68|69|69|69|69|69|69|69|69|69|69|69|69|69|69|69|69|69
215|Ilhas Virgens Britânicas|0|0|0|0|0|0|0|2|3|3|3|3|3|3|3|3|3|3|4|4|4|4|5|5|6|6|7|7|7|7|7|7|8|8|8|8|8|8|8|8|8|8|8|8|8|8
37|Indonésia|686|790|893|1046|1155|1285|1414|1528|1677|2956|3293|3512|3842|4241|4557|4839|5136|5516|5923|6248|6575|6760|7135|7418|12071|12438|12776|13112|13645|14265|15438|16006|16496|17025|17514|18010|18496|19189|20162|20796|22271|22750|23165|23851|24538|24538
58|Iraque|266|316|346|382|458|547|547|630|694|1202|1202|1232|1318|1352|1375|1400|1415|1434|1434|1482|1539|1574|1602|1602|2431|2480|2480|2543|2603|2767|3032|3032|3193|3193|3404|3554|3611|3611|3877|3877|4469|4632|4848|4848|5457|5457
26|Irlanda|1329|1501|1564|2121|2121|2415|2615|2910|3235|6074|6574|6574|8928|9655|10647|11479|12547|13271|13271|13980|15251|15652|16040|16671|21983|22248|22248|22385|22760|22996|23401|23401|23965|24048|24112|24112|24251|24315|24391|24506|24639|24698|24735|24803|24841|24841
6|Irã|24811|27017|29406|32332|32332|38309|41495|44606|44606|67286|67286|67286|70029|71686|73303|74877|76389|77995|77995|80868|82211|83505|84802|85996|99970|101650|101650|104691|106220|107603|112725|114533|116635|116635|120198|122492|124603|126949|129341|131652|135701|137724|139511|141591|143849|143849
38|Islândia|648|648|737|890|890|1020|1020|1086|1135|1616|1648|1648|1689|1701|1711|1720|1727|1739|1739|1754|1771|1773|1778|1785|1799|1799|1799|1801|1801|1801|1802|1802|1802|1802|1802|1802|1802|1803|1803|1803|1804|1804|1804|1805|1805|1805
23|Israel|1930|2170|2495|3035|3035|4247|4347|4831|5591|9404|9755|10095|10743|11145|11235|12046|12501|12758|12855|13107|13491|13654|13942|14498|16289|16314|16346|16409|16436|16492|16548|16548|16589|16589|16617|16621|16659|16665|16683|16690|16717|16734|16757|16793|16809|16872
2|Itália|69176|69176|74386|86498|86498|97689|97689|101739|105792|139422|143626|143626|152271|156363|159516|162488|165155|168941|169323|172585|178972|181228|183957|187327|213013|214457|214457|215858|218268|219070|222104|222104|223885|224760|225435|225886|226699|227364|228006|228658|229858|230158|230555|231139|231732|231732
225|Iêmen|0|0|0|0|0|0|0|0|0|0|0|1|1|1|1|1|1|1|1|1|1|1|1|1|21|25|25|25|34|51|70|70|106|106|128|128|130|167|180|193|222|233|249|249|255|278
127|Jamaica|21|25|26|26|30|30|34|36|36|63|63|63|69|69|72|73|105|143|143|163|173|196|223|233|471|473|473|488|490|498|507|507|509|511|517|520|520|520|520|520|550|552|556|556|564|569
25|Japão|1128|1128|1292|1387|1499|1866|1866|1866|2178|4257|4768|5347|6005|6748|7255|7702|8339|8871|9590|10181|10807|10810|11119|11992|15374|15374|15477|15649|15663|15847|16049|16103|16253|16253|16285|16340|16367|16433|16433|16518|16569|16628|16628|16662|16696|16696
130|Jersey|16|16|16|52|52|63|63|81|81|170|170|183|198|198|213|217|219|223|223|234|245|249|255|255|293|293|293|293|293|294|296|296|297|302|302|303|303|306|306|306|306|307|0|0|0|0
79|Jordânia|153|154|172|212|235|246|259|268|268|358|358|372|381|381|389|397|401|402|402|407|417|425|428|435|471|473|473|494|508|540|582|582|596|596|613|613|629|649|672|684|708|711|718|718|720|728
114|Kosovo|31|31|71|71|71|71|88|106|106|184|224|227|283|283|362|377|423|423|449|480|510|561|604|630|856|856|860|861|862|884|927|927|955|955|985|985|989|989|1004|1004|1032|1038|1047|1048|1052|1052
67|Kuwait|191|195|208|225|225|255|266|266|317|855|910|910|1154|1234|1300|1355|1405|1524|1524|1751|1915|1995|2080|2248|5804|6286|6286|6567|7208|8688|11028|11028|12860|12860|14850|15691|16764|17568|18609|19564|21302|21967|22575|23267|24112|24112
171|Laos|2|2|6|6|6|8|8|8|9|14|16|16|18|19|19|19|19|19|19|19|19|19|19|19|19|19|19|19|19|19|19|19|19|19|19|19|19|19|19|19|19|19|19|19|19|19
234|Lesoto|0|0|0|0|0|0|0|0|0|0|0|0|0|0|0|0|0|0|0|0|0|0|0|0|0|0|0|0|0|0|1|1|1|1|1|1|1|1|1|1|2|2|2|2|2|2
66|Letônia|197|197|244|280|280|347|376|376|398|577|589|612|630|651|655|657|666|675|682|712|727|739|748|761|896|900|900|928|928|939|951|962|970|997|1008|1008|1012|1012|1025|1025|1047|1049|1053|1057|1061|1061
163|Libéria|3|3|3|3|3|3|3|3|6|31|31|31|37|50|50|50|59|59|73|76|91|99|101|101|170|178|178|189|199|199|213|213|219|219|226|226|229|233|238|240|265|265|266|266|266|269
103|Liechtenstein|51|51|53|56|56|61|61|64|68|77|78|79|79|79|79|79|80|80|80|80|81|81|81|81|82|82|82|82|82|82|82|82|82|82|82|82|82|82|82|82|82|82|82|82|82|82
69|Lituânia|187|213|290|345|345|437|484|533|581|912|955|999|1026|1053|1062|1070|1091|1128|1149|1239|1298|1326|1350|1370|1423|1428|1428|1436|1444|1485|1505|1511|1523|1534|1541|1547|1562|1577|1593|1604|1623|1635|1639|1647|1656|1656
29|Luxemburgo|1099|1099|1333|1605|1605|1950|1950|1988|2178|3034|3115|3441|3441|3281|3292|3307|3373|3444|3444|3480|3550|3558|3618|3654|3840|3851|3851|3859|3871|3886|3904|3904|3923|3923|3945|3945|3958|3971|3980|3980|3992|3993|3995|3995|4008|4008
55|Líbano|304|304|333|391|391|438|438|446|479|575|582|609|619|630|632|641|658|663|663|672|673|677|677|682|741|750|750|796|796|845|878|878|891|891|911|911|954|954|961|1024|1097|1119|1140|1140|1161|1168
201|Líbia|0|1|1|1|1|8|8|8|10|20|24|24|24|25|25|26|48|48|49|49|51|51|51|59|63|63|64|64|64|64|64|64|64|64|65|65|65|68|69|71|75|75|77|77|99|105
76|Macedônia do Norte|148|148|177|219|219|259|259|285|354|617|663|663|760|828|854|908|974|1081|1081|1117|1207|1225|1231|1259|1526|1539|1572|1572|1622|1642|1694|1694|1740|1762|1792|1792|1839|1857|1898|1898|1978|1999|2014|2039|2077|2077
134|Madagascar|17|17|19|24|26|39|39|46|57|88|93|93|102|106|106|106|110|110|111|117|121|121|121|121|151|158|158|193|193|193|212|212|238|238|304|304|322|326|371|405|488|542|586|586|612|656
220|Malaui|0|0|0|0|0|0|0|0|0|8|8|8|12|13|16|19|19|19|16|17|17|17|18|23|41|43|43|43|56|56|63|63|63|65|65|70|70|71|72|82|83|101|101|101|203|203
133|Maldivas|13|13|13|13|13|17|17|18|18|19|19|19|19|20|21|20|22|23|26|32|52|67|86|86|573|618|618|648|744|835|955|955|1031|1031|1090|1090|1106|1143|1186|1216|1313|1395|1438|1438|1457|1513
202|Mali|0|2|2|11|11|18|18|28|31|59|59|74|87|105|105|144|148|171|171|190|224|224|258|293|612|631|631|650|668|704|758|758|806|806|835|835|874|901|931|947|1015|1059|1077|1077|1116|1194
84|Malta|110|110|129|139|139|151|151|156|169|299|337|337|370|378|378|393|399|412|412|422|461|461|443|444|482|484|484|486|490|503|508|522|532|546|553|558|569|584|599|600|610|611|611|612|616|616
21|Malásia|1624|1796|2031|2161|2161|2470|2626|2766|2908|4119|4228|4346|4530|4683|4817|4987|5072|5182|5251|5305|5389|5425|5482|5532|6383|6428|6467|6535|6589|6726|6779|6819|6855|6872|6894|6941|6978|7009|7059|7137|7245|7417|7604|7619|7629|7629
77|Marrocos|170|685|225|333|358|479|516|574|638|1275|1346|1431|1545|1661|1763|1888|2024|2283|2528|2670|2855|2990|3209|3446|5219|5408|5408|5661|5910|6063|6512|6512|6652|6741|6870|6870|7023|7023|7211|7300|7433|7532|7577|7584|7643|7643
194|Martinica|0|57|66|66|66|66|66|93|119|152|154|154|155|155|157|157|158|158|158|158|163|163|163|163|0|0|0|0|0|0|0|0|0|0|0|0|0|0|0|0|0|0|0|0|0|0
172|Mauritânia|2|2|2|3|3|5|5|6|6|6|6|7|7|7|7|7|7|7|7|7|7|7|7|7|8|8|8|8|8|8|15|15|29|29|62|62|81|131|141|173|227|262|268|268|292|2346
112|Maurício|42|48|48|94|94|107|110|143|147|268|314|314|319|324|324|324|324|324|324|324|328|328|328|329|332|332|332|332|332|332|332|332|332|332|332|332|332|332|332|332|334|334|334|334|334|334
121|Mayotte|30|30|35|35|35|35|35|94|94|171|186|186|196|196|207|217|221|233|245|254|271|284|284|284|221|221|221|221|221|221|221|221|221|221|221|221|221|221|221|221|221|221|221|221|221|221
207|Mianmar|0|0|3|5|5|8|10|14|14|22|23|27|31|41|62|62|74|85|85|94|111|119|121|123|161|161|176|176|177|180|181|181|181|182|184|187|191|193|199|199|201|203|206|206|206|206
85|Moldova|125|125|149|199|199|231|245|298|328|1174|1289|1289|1560|1560|1712|1934|2049|2154|2154|2264|2472|2548|2614|2778|4363|4476|4476|4605|4728|4927|5406|5406|5745|5745|6060|6060|6340|6340|6704|6847|7093|7147|7305|7537|7725|7725
137|Mongólia|10|10|11|11|11|12|12|12|14|15|16|16|16|16|17|30|30|31|31|31|32|33|34|35|41|41|41|41|42|42|42|42|98|135|136|136|140|140|140|140|141|141|141|141|148|161
118|Montenegro|29|47|67|70|70|85|91|91|105|248|252|252|263|267|273|283|288|294|2303|305|308|311|313|315|324|324|324|324|324|324|324|324|324|324|324|324|324|324|324|324|324|324|324|324|324|324
212|Montserrat|0|0|0|0|0|0|0|5|5|8|8|8|9|9|11|11|11|11|11|11|11|11|11|11|11|11|11|11|11|11|11|11|11|11|11|11|11|11|11|11|11|11|11|11|11|11
188|Moçambique|3|3|5|7|7|8|8|8|8|10|17|17|20|21|21|28|29|29|31|34|39|39|39|41|81|81|81|81|82|91|104|107|119|119|137|137|145|146|156|162|168|209|213|213|227|233
176|Myanmar|2|3|0|0|0|0|0|0|0|0|0|0|0|0|0|0|0|0|0|0|0|0|0|0|0|0|0|0|0|0|0|0|0|0|0|0|0|0|0|0|0|0|0|0|0|0
50|México|367|405|475|585|717|848|993|1096|1215|2785|3184|3441|3844|4219|4661|5014|5399|5847|6297|6875|8261|8261|8772|9501|26025|26025|27634|29616|31522|35022|38324|40186|45032|45032|47144|49219|51633|54346|56594|60548|65856|68620|71105|74560|78023|78023
122|Mônaco|23|23|31|33|42|43|46|49|52|79|81|84|92|93|93|93|93|93|93|94|94|94|94|94|95|95|95|95|95|96|96|96|96|96|96|96|97|97|97|97|98|98|98|98|98|98
151|Namíbia|6|7|7|8|8|11|11|11|14|16|16|16|16|16|16|16|16|16|16|16|16|16|16|16|16|16|16|16|16|16|16|16|16|16|16|16|16|16|18|19|21|21|21|22|22|22
177|Nepal|2|2|3|4|4|5|5|5|5|9|9|9|9|12|14|16|16|16|16|30|31|31|42|45|82|99|99|101|109|120|243|243|258|281|295|304|407|402|427|516|603|682|772|886|1042|1042
178|Nicarágua|2|2|2|2|2|4|4|4|4|6|7|7|7|11|11|11|11|11|11|9|10|10|10|10|16|16|16|16|16|16|25|25|25|25|25|25|25|25|25|25|25|25|25|3425|3425|3425
109|Nigéria|44|46|51|70|81|111|111|135|151|276|288|288|318|323|323|362|407|407|442|493|627|627|665|782|2948|2950|3145|3526|3912|4399|4787|4971|5450|5450|5959|5959|6175|6401|6677|7016|7526|7839|8344|8344|8733|8915
14|Noruega|2856|2907|3213|3703|3845|4281|4313|4592|4828|6012|6160|6231|6452|6525|6551|6623|6792|6848|6905|6992|7112|7127|7191|7275|7955|7976|7996|8034|8070|8105|8168|8175|8219|8226|8249|8249|8264|8268|8301|8322|8346|8360|8383|8383|8406|8411
211|Nova Caledônia|0|0|0|0|0|0|0|15|16|18|18|18|18|18|18|18|18|18|18|18|18|18|18|18|18|18|18|18|18|18|18|18|18|18|18|18|18|18|18|18|18|18|18|18|18|18
74|Nova Zelândia|155|205|283|368|451|514|589|647|708|1210|1239|1283|1312|1330|1349|1366|1386|1401|1409|1422|1431|1440|1445|1451|1488|1488|1489|1490|1492|1497|1497|1497|1498|1498|1499|1499|1503|1503|1503|1504|1504|1504|1504|1504|1504|1504
173|Níger|3|7|7|10|10|18|18|27|34|278|342|410|438|438|438|548|584|584|609|627|648|648|657|662|763|763|770|781|795|821|860|860|885|885|904|904|909|914|920|924|943|951|952|952|952|955
97|Omã|84|99|99|131|152|167|167|192|210|419|457|484|546|599|727|813|910|1019|1069|1180|1266|1410|1508|1614|2735|2903|2903|2958|3224|3399|4019|4019|4625|4625|5186|5186|5671|6043|6370|6794|7770|7770|8118|8373|9009|9009
53|Panamá|345|443|558|674|786|901|989|1075|1181|2249|2528|2752|3234|3234|3400|3472|3574|3751|4016|4210|4467|4467|4658|4821|7387|7523|7731|7868|8070|8448|8783|8944|9268|9268|9606|9606|9726|9726|9977|10116|10577|10926|11183|11447|11728|12131
190|Papua-Nova Guiné|1|1|1|1|1|1|1|1|1|2|2|2|2|2|2|2|2|7|7|7|7|7|7|8|8|8|8|8|8|8|8|8|8|8|8|8|8|8|8|8|8|8|8|8|8|8
28|Paquistão|972|1000|1106|1296|1296|1571|1625|1865|2039|4187|4489|4601|5011|5230|5496|5837|6383|6919|7236|7516|8348|8425|9565|10076|22049|23214|24073|25837|27474|30941|35298|35788|38799|38799|40151|43158|43966|45898|48091|50694|54601|56349|57705|59151|61227|61227
117|Paraguai|27|37|41|52|56|59|64|65|69|115|124|124|133|134|147|159|161|174|199|202|206|208|208|213|431|431|440|462|563|713|740|740|759|759|778|786|829|829|833|836|862|865|877|877|900|900
11|Países Baixos|5578|5585|6440|8641|8641|10923|10866|12595|13614|20549|21762|21762|24413|25587|26551|27419|28153|29214|29214|31589|32655|33405|34134|34842|41087|41319|41319|42093|42382|42627|43211|43481|43681|43870|43995|44141|44249|44447|44700|44888|45236|45445|45578|45769|45950|45950
46|Peru|416|416|480|635|635|852|852|950|1065|2954|5256|5256|6848|7519|7519|10303|11475|12491|12491|13489|15628|15628|17837|19250|51189|54817|54817|58526|61847|67307|76306|76306|84495|84495|92273|92273|99483|99483|108769|108769|115754|119959|129751|129751|135905|141779
157|Polinésia Francesa|3|3|0|0|0|0|0|35|36|47|51|51|51|53|53|55|55|55|55|55|55|55|56|57|60|60|60|60|60|60|60|60|60|60|60|60|60|60|60|60|60|60|60|60|60|60
31|Polônia|901|927|1085|1389|1389|1862|1905|2215|2347|5205|5575|5742|6356|6674|6934|7202|7582|7918|8214|8563|9287|9593|9856|10169|14431|14740|14898|15200|15651|15996|17204|17469|18016|18257|18529|18746|19268|19739|20143|20619|21326|21631|22074|22473|22825|22825
167|Porto Rico|3|0|51|64|64|100|127|239|286|620|683|683|788|897|903|923|974|1043|1043|1068|1213|1213|1298|1252|1924|1968|2031|2031|2173|2198|2329|2329|2542|2542|2646|2646|2805|2805|2913|3030|3189|3260|3324|3397|3486|3486
18|Portugal|2362|2995|2995|4268|5170|5962|6408|7443|8251|13141|13956|13956|15987|16585|16934|17448|18091|18841|18841|19022|20206|20863|21379|21982|25702|26182|26715|26715|27406|27581|28132|28132|28583|28810|29036|29209|29432|29660|29912|30200|30623|30788|31007|31292|31596|31596
108|Quirguistão|42|42|44|58|58|84|94|107|107|270|280|298|339|377|377|430|449|466|489|489|554|568|590|612|843|871|871|906|931|1016|1044|1082|1111|1117|1138|1216|1243|1270|1313|1350|1403|1433|1468|1520|1594|1594
131|Quênia|25|25|28|31|31|42|42|50|81|179|184|184|191|197|208|216|225|234|246|246|270|281|296|303|535|582|607|607|649|672|737|737|781|830|887|912|963|1029|1109|1161|1214|1286|1348|1471|1618|1618
48|RAE de Hong Kong|386|386|453|453|453|453|453|714|765|961|974|990|1001|1005|1010|1013|1017|1018|1018|1022|1026|1026|1030|1034|1041|1041|1045|1045|1045|1048|1051|1052|1053|1053|1056|1056|1056|1056|1064|1066|1066|1066|1066|1067|1067|1067
120|RAE de Macau|25|28|31|33|35|37|38|39|41|44|45|45|45|45|45|45|45|45|45|45|45|45|45|45|45|45|45|45|45|45|45|45|45|45|45|45|45|45|45|45|45|45|45|45|45|45
10|Reino Unido|8077|8078|9574|11660|14590|19522|19561|22141|29474|60733|65077|65077|78991|84279|88621|93873|98476|103093|103093|108692|120067|124743|129044|133495|194990|201111|206715|206715|215260|219183|229705|229705|236711|240161|243695|246406|248818|248818|250908|254195|259559|261184|265227|267240|269127|269127
161|República Centro-Africana|3|3|3|3|3|3|3|3|6|8|8|8|8|8|8|11|12|12|12|12|12|12|14|14|94|94|94|94|143|143|143|143|301|301|327|327|327|366|418|436|552|652|671|671|702|755
59|República Dominicana|245|312|392|581|581|719|859|901|1109|2111|2349|2349|2759|2967|3167|3286|3614|3755|3755|4126|4680|4964|5044|5300|8480|8807|8807|9095|9376|10347|11196|11196|11739|11739|12110|12314|13223|13477|13657|13989|14801|15073|15264|15264|16068|16068
94|Reunion|83|0|0|0|0|0|0|0|0|0|0|0|0|0|0|0|0|0|0|0|0|0|0|0|0|0|0|0|0|0|0|0|0|0|0|0|0|0|0|0|0|0|0|0|0|0
192|Reunião|0|94|94|145|145|145|145|224|247|358|358|376|382|382|389|391|391|390|394|402|408|408|408|408|141|141|0|0|0|0|0|0|0|0|0|0|0|0|0|0|0|0|0|0|0|0
33|Romênia|794|906|906|1292|1292|1815|1815|2245|2460|4761|5202|5467|5990|6300|6633|6879|7216|7707|8067|8418|8746|8936|9242|9710|13837|14107|14499|14811|15131|15362|16002|16247|16437|16704|16871|17036|17191|17387|17585|17712|18070|18283|18429|18594|18791|18791
113|Ruanda|36|40|41|50|54|60|70|70|75|110|110|113|118|126|127|134|136|138|138|143|147|147|150|153|261|261|268|271|273|284|287|287|287|287|292|292|297|308|314|320|327|327|369|369|346|349
44|Rússia|495|658|840|1036|1264|1534|1836|2337|2777|8672|10131|11917|13584|15770|18328|21102|24490|27938|32008|37055|42853|47121|52763|57999|155370|165929|177160|187859|198676|221344|242271|252245|262843|272043|281752|290678|299941|308705|317554|326448|344481|353427|362342|370680|379051|379051
226|Saba|0|0|0|0|0|0|0|0|0|0|0|0|0|1|1|2|2|2|2|2|2|2|2|2|2|2|2|2|2|2|2|2|2|2|2|2|2|2|2|2|3|3|3|3|3|3
140|Saint Martin|8|8|11|11|11|11|11|11|0|0|0|0|0|0|0|0|0|0|0|35|37|37|37|37|0|0|0|0|0|0|0|0|0|0|0|0|0|0|0|0|0|0|0|0|0|0
70|San Marino|185|187|208|223|223|229|229|230|236|279|333|333|356|356|371|372|393|426|426|435|461|462|476|488|589|608|608|622|623|637|643|643|652|652|654|654|654|655|656|658|665|666|666|666|667|670
200|Santa Lúcia|0|2|3|3|3|4|9|9|13|14|14|14|15|15|15|15|15|15|15|15|15|15|15|15|18|18|18|18|18|18|18|18|18|18|18|18|18|18|18|18|18|18|18|18|18|18
141|Seicheles|7|7|7|7|7|8|8|10|10|11|11|11|11|11|11|11|11|11|11|11|11|11|11|11|11|11|11|11|11|11|11|11|11|11|11|11|11|11|11|11|11|11|11|11|11|11
89|Senegal|86|99|99|119|119|142|142|175|190|237|250|250|278|280|280|299|314|335|342|350|367|377|412|442|1329|1433|1433|1492|1551|1709|2105|2105|2310|2310|2480|2480|2544|2617|2714|2909|2976|3130|3161|3161|3348|3348
217|Serra Leoa|0|0|0|0|0|0|0|1|1|7|7|7|10|10|10|11|13|15|15|26|35|43|50|61|199|225|231|231|291|307|387|387|447|462|505|519|534|570|585|606|707|735|754|782|782|812
39|Singapura|558|558|631|732|732|844|844|926|1000|1623|1910|1910|2299|2532|2918|3252|3699|4427|5050|5992|6588|8014|9125|10141|19410|20198|20939|21707|22460|23822|25346|26098|26891|27356|28038|28343|28794|29364|29812|30426|31616|31960|32343|32876|33249|33249
189|Somália|1|1|1|3|3|3|3|3|3|12|12|12|21|25|60|60|80|80|80|116|135|135|286|286|835|835|873|928|928|1054|1219|1219|1284|1284|1421|1421|1455|1502|1573|1594|1594|1689|1711|1711|1731|1828
86|Sri Lanka|102|102|102|106|106|117|120|132|142|189|190|190|198|210|217|233|237|238|238|244|271|295|310|330|771|797|797|824|835|856|893|915|935|935|981|981|992|1027|1028|1055|1141|1182|1319|1319|1524|1530
175|St Lucia|2|0|0|0|0|0|0|0|0|0|0|0|0|0|0|0|0|0|0|0|0|0|0|0|0|0|0|0|0|0|0|0|0|0|0|0|0|0|0|0|0|0|0|0|0|0
166|Sudão|3|3|3|3|3|5|6|7|7|14|14|14|19|19|19|32|32|32|32|66|92|92|107|140|5678|852|852|930|1111|1365|1661|1818|1964|1964|2289|2289|2591|2728|2728|3138|3634|3820|3976|4146|4346|4346
223|Sudão do Sul|0|0|0|0|0|0|0|0|0|2|2|3|4|4|4|4|4|4|4|4|4|4|4|4|52|52|74|74|120|120|203|203|231|231|290|290|290|290|290|481|655|655|806|806|994|994
143|Suriname|6|8|8|8|8|8|8|8|9|10|10|10|10|10|10|10|10|10|10|10|10|10|10|10|10|10|10|10|10|10|10|10|10|10|10|10|11|11|11|11|11|11|11|11|12|12
16|Suécia|2299|2345|2554|3069|3069|3719|3744|4490|5000|8571|9245|9245|10151|10483|10948|11445|11927|12549|12549|13822|14385|14777|15322|16004|23216|23918|24623|25265|25921|26322|27909|27909|29207|29677|30143|30377|30799|31523|32172|32809|33459|33843|34440|35088|35727|35727
8|Suíça|9877|10465|11125|12928|12928|14799|15546|16121|16597|23254|24051|24051|25107|25398|25688|25956|26336|26588|26657|27078|27740|27944|28063|28268|30009|30060|30126|30126|30207|30305|30413|30463|30514|30514|30587|30597|30618|30658|30694|30707|30736|30746|30761|30776|30796|30796
152|Swaziland|4|0|0|0|0|0|0|0|0|0|0|0|0|0|0|0|0|0|0|0|0|0|0|0|0|0|0|0|0|0|0|0|0|0|0|0|0|0|0|0|0|0|0|0|0|0
155|São Bartolomeu|3|3|3|3|3|3|3|6|6|6|6|6|6|6|6|6|6|6|6|6|6|6|6|6|6|6|6|6|6|6|6|6|6|6|6|6|6|6|6|6|0|0|0|0|0|0
224|São Pedro e Miquelão|0|0|0|0|0|0|0|0|0|1|1|1|1|1|1|1|1|1|1|1|1|1|1|1|1|1|1|1|1|1|1|1|1|1|1|1|1|1|1|1|1|1|1|1|1|1
221|São Tomé e Príncipe|0|0|0|0|0|0|0|0|0|4|4|4|4|4|4|4|4|4|4|4|4|4|4|4|174|4|4|4|208|208|4|4|235|4|235|4|246|4|4|251|269|299|441|441|443|458
187|São Vicente e Granadinas|1|1|1|1|1|1|1|1|1|0|0|0|0|0|0|0|0|0|0|0|0|0|0|0|0|0|0|0|0|0|0|0|0|0|0|0|0|0|0|0|0|0|0|0|0|0
56|Sérvia|303|303|384|528|528|741|741|785|900|2447|2867|2867|3380|3630|4054|4465|4873|5318|5318|5690|6318|6630|6890|7114|9677|9791|9791|9848|10032|10114|10295|10295|10438|10496|10610|10610|10733|10733|10833|11024|11159|11193|11227|11227|11300|11300
142|Síria|7|1|5|5|5|9|9|10|10|19|19|19|25|25|25|29|33|33|33|38|39|39|42|42|44|45|45|45|47|47|48|48|50|50|58|58|58|58|58|58|86|106|121|121|121|122
231|Tadjiquistão|0|0|0|0|0|0|0|0|0|0|0|0|0|0|0|0|0|0|0|0|0|0|0|0|293|379|379|461|522|612|661|801|1118|1118|1524|1524|1729|1936|2140|2350|2738|3100|3266|3266|3563|3563
30|Tailândia|827|934|1045|1136|1245|1388|1524|1651|1771|2369|2423|2473|2518|2551|2579|2613|2643|2672|2700|2733|2765|2792|2811|2826|2988|2989|2992|3000|3004|3009|3017|3018|3025|3025|3028|3031|3033|3034|3037|3037|3040|3042|3045|3054|3065|3065
62|Taiwan|216|235|252|267|267|298|306|322|329|379|380|382|385|388|388|393|395|395|395|398|420|422|425|426|438|439|439|440|440|440|440|440|440|440|440|440|440|440|441|441|441|441|441|441|441|441
135|Tanzânia|12|12|13|13|13|14|14|19|20|25|25|25|32|32|46|53|88|94|94|147|170|254|254|284|480|480|480|480|509|509|509|509|509|509|509|509|509|509|509|509|509|509|509|509|509|509
24|Tchéquia|1394|1497|1775|2279|2422|2817|2866|3002|3330|5221|5467|5589|5902|5991|6022|6111|6301|6359|6437|6553|6746|6838|7033|7132|7896|7933|7979|8034|8089|8123|8269|8275|8406|8436|8475|8527|8630|8698|8743|8770|8932|8972|9050|9069|9134|9140
153|The Bahamas|4|0|0|0|0|0|0|0|0|0|0|0|0|0|0|0|0|0|0|0|0|0|0|0|0|0|0|0|0|0|0|0|0|0|0|0|0|0|0|0|0|0|0|0|0|0
174|The Gambia|3|0|0|0|0|0|0|0|0|0|0|0|0|0|0|0|0|0|0|0|0|0|0|0|0|0|0|0|0|0|0|0|0|0|0|0|0|0|0|0|0|0|0|0|0|0
186|Timor-Leste|1|1|1|1|1|1|1|1|1|1|1|2|2|2|2|6|6|18|18|18|18|18|18|18|24|24|24|24|24|24|24|24|24|24|24|24|24|24|24|24|24|24|24|24|24|24
126|Togo|20|20|23|25|25|30|30|34|36|65|73|73|76|76|77|77|81|81|81|83|84|84|86|88|128|128|128|135|145|174|219|219|263|263|301|301|330|338|340|354|373|381|391|391|395|422
102|Trinidad e Tobago|53|57|60|66|66|76|78|85|85|105|109|109|112|113|113|113|114|114|114|114|114|114|114|115|116|116|116|116|116|116|116|116|116|116|116|116|116|116|116|116|116|116|116|116|116|116
83|Tunísia|114|114|173|227|227|312|312|362|394|623|643|643|685|707|726|747|780|822|822|864|879|879|884|909|1022|1022|1025|1026|1030|1032|1032|1032|1035|1035|1037|1037|1043|1043|1045|1045|1048|1051|1051|1051|1051|1068
22|Turquia|1872|1872|2433|5698|5698|9217|9217|10827|13531|38226|42282|42282|52167|56956|61049|65111|69392|74193|74193|78546|86306|90980|95591|98674|129491|131744|131744|133721|137115|138657|143114|143114|146457|148067|149435|149435|151615|152587|153548|154500|156827|157814|158762|159797|160979|160979
90|Ucrânia|97|113|156|218|310|475|480|549|669|1668|1892|2203|2511|2777|3102|3372|3764|4161|4662|5106|5449|5710|6125|6592|12697|13184|13691|14195|14710|15648|16425|16847|17330|17858|18291|18616|18876|19230|19706|20148|20986|21245|21584|21905|22382|22382
139|Uganda|9|9|14|18|18|30|33|33|44|53|53|53|53|54|54|54|55|55|55|56|56|56|61|63|98|98|100|101|101|121|139|139|203|203|227|227|260|260|203|203|198|212|253|253|281|317
72|Uruguai|162|162|217|238|274|304|304|320|338|424|456|456|494|494|494|483|533|533|539|539|539|592|592|543|670|670|673|684|694|707|717|719|732|732|734|734|737|738|746|749|764|769|787|789|803|811
104|Uzbequistão|50|50|65|88|104|144|144|158|167|545|582|624|767|865|998|1165|1302|1349|1380|1450|1565|1604|1678|1716|2204|2233|2266|2324|2336|2453|2612|2612|2686|2691|2753|2753|2855|2855|2950|3028|3164|3215|3290|3333|3444|3444
230|Vanuatu|0|0|0|0|0|0|0|0|0|0|0|0|0|0|0|0|0|0|0|0|0|0|1|1|0|0|0|0|0|0|0|0|0|0|0|0|0|0|0|0|0|0|0|0|0|0
91|Venezuela|84|91|106|107|113|119|129|135|143|166|167|171|175|181|181|189|197|197|204|227|256|256|285|288|361|367|379|381|388|414|423|440|459|459|541|541|618|749|824|882|1010|1121|1177|1211|1245|1245
78|Vietnã|134|134|148|163|169|188|194|207|218|251|255|255|258|260|265|266|267|268|268|268|268|268|268|268|271|271|271|288|288|288|288|288|313|318|320|324|324|324|324|324|325|326|327|327|327|327
164|Zimbábue|3|3|3|5|5|7|7|8|8|11|11|11|13|14|14|18|23|23|24|24|25|25|28|28|34|34|34|34|34|36|37|37|42|42|44|44|46|46|48|51|56|56|56|56|132|149
165|Zâmbia|3|12|12|22|22|29|29|35|36|39|39|39|40|43|43|45|48|48|48|57|61|65|70|74|138|145|145|153|167|267|446|446|668|668|753|753|761|772|832|866|920|920|920|920|1057|1057
40|África do Sul|554|709|709|1170|1170|1280|1280|1326|1353|1845|1934|1934|2028|2173|2272|2415|2506|2605|2605|2783|3158|3158|3465|3635|7572|7572|7808|8232|8895|10015|12074|12074|13524|13524|15515|15515|16433|17200|19137|20125|22583|23615|24264|24264|25937|25937
12|Áustria|5243|5516|6001|7557|7697|8774|8813|9920|10482|12937|13246|13398|13806|13945|14040|14234|14350|14475|14510|14623|14710|14738|14812|14917|15586|15650|15652|15675|15756|15786|15973|15980|16093|16146|16176|16201|16272|16295|16335|16391|16440|16459|16497|16514|16562|16562
42|Índia|536|606|649|724|909|1024|1161|1417|1637|5274|5865|6412|7529|8447|9352|11487|12370|12759|13664|14793|17304|17656|18985|20471|46711|49391|52952|56516|59662|67152|74281|78003|81970|85940|90927|96169|101139|106750|112359|118447|131868|138845|150793|158052|158333|158333
